<assembly>
  <id>distribution</id>
  <formats>
    <format>tar.gz</format>
    <format>zip</format>
  </formats>
  <dependencySets>
    <dependencySet>
      <outputDirectory>lib</outputDirectory>
      <unpack>false</unpack>
      <scope>provided</scope>
      <useProjectArtifact>false</useProjectArtifact>
    </dependencySet>
  </dependencySets>
  <fileSets>
    <fileSet>
      <directory>src</directory>
      <outputDirectory>src</outputDirectory>
      <includes>
        <include>**/*.java</include>
        <include>**/*.gif</include>
        <include>**/*.html</include>
        <include>**/*.properties</include>
        <include>**/*.sh</include>
        <include>**/*.conf</include>
        <include>test/resources/org/snmp4j/transport/tls/*.jks</include>
        <include>test/resources/org/snmp4j/transport/tls/*.pem</include>
        <include>test/resources/org/snmp4j/transport/tls/ca_crl_*</include>
        <include>test/resources/org/snmp4j/transport/*.ks</include>
      </includes>
    </fileSet>
    <fileSet>
      <directory>doc</directory>
      <outputDirectory>doc</outputDirectory>
      <includes>
        <include>**/*.gif</include>
        <include>**/*.html</include>
        <include>**/*.css</include>
        <include>**/package-list</include>
      </includes>
    </fileSet>
    <fileSet>
      <directory>mibs</directory>
      <outputDirectory>mibs</outputDirectory>
      <includes>
        <include>**/*.txt</include>
      </includes>
    </fileSet>
    <fileSet>
      <includes>
        <include>*.xml</include>
        <include>README*</include>
        <include>LICENSE*</include>
        <include>NOTICE*</include>
        <include>CHANGES.txt</include>
        <include>snmp4j_usage.txt</include>
      </includes>
    </fileSet>
    <fileSet>
      <directory>${project.build.directory}</directory>
      <outputDirectory>dist</outputDirectory>
      <includes>
        <include>*.jar</include>
      </includes>
    </fileSet>
  </fileSets>
</assembly>